{"cameraMode":{"drawMode":0,"name":"Shaded","section":"Shading Mode"},"sceneLighting":true,"audioPlay":false,"sceneViewState":{"m_AlwaysRefresh":false,"showFog":true,"showSkybox":true,"showFlares":true,"showImageEffects":true,"showParticleSystems":true,"showVisualEffectGraphs":true,"m_FxEnabled":true},"in2DMode":false,"pivot":{"x":0.09435096383094788,"y":-2.0063436031341554,"z":3.693488836288452},"rotation":{"x":0.35141459107398989,"y":0.06622741371393204,"z":-0.02501623146235943,"w":0.9336315393447876},"size":6.383584499359131,"orthographic":false}