{"cameraMode":{"drawMode":0,"name":"Shaded","section":"Shading Mode"},"sceneLighting":false,"audioPlay":false,"sceneViewState":{"m_AlwaysRefresh":false,"showFog":true,"showSkybox":false,"showFlares":true,"showImageEffects":true,"showParticleSystems":true,"showVisualEffectGraphs":true,"m_FxEnabled":true},"in2DMode":false,"pivot":{"x":1.6436576843261719,"y":2.8929426670074465,"z":-1.3989686965942383},"rotation":{"x":0.45393604040145876,"y":0.11607992649078369,"z":-0.059614602476358417,"w":0.8815513253211975},"size":2.225998878479004,"orthographic":false}